<LayoutModificationTemplate
    xmlns="http://schemas.microsoft.com/Start/2014/LayoutModification"
    xmlns:defaultlayout="http://schemas.microsoft.com/Start/2014/FullDefaultLayout"
    xmlns:start="http://schemas.microsoft.com/Start/2014/StartLayout"
    Version="1">
  <RequiredStartGroupsCollection>
    <RequiredStartGroups
      Region="DE|ES|FR|GB|IT|US">
      <AppendGroup Name="Fabrikam Group 1">
          <start:DesktopApplicationTile
            DesktopApplicationID="Microsoft.Windows.Explorer" 
          Size="2x2" 
          Row="0" 
          Column="4"/>
      </AppendGroup>    
      <AppendGroup
        Name="Fabrikam Group 2">
        <start:Tile AppUserModelID="Microsoft.MicrosoftEdge_8wekyb3d8bbwe!MicrosoftEdge" 
          Size="2x2" 
          Row="0"
          Column="0"/>
          <!-- <start:Tile AppUserModelID="App2!App" Size="2x2" Row="2" Column="0"/>  Update the APUMID to reflect the app you installed with the region specified -->
      </AppendGroup>
    </RequiredStartGroups>
    <RequiredStartGroups>
      <AppendGroup Name="Fabrikam Group 1">
        <start:SecondaryTile
          AppUserModelID="Microsoft.MicrosoftEdge_8wekyb3d8bbwe!MicrosoftEdge"
          TileID="MyWeblinkTile"
          Arguments="http://www.fabrikam.com"
          DisplayName="Fabrikam"
          Square150x150LogoUri="ms-appx:///Assets/MicrosoftEdgeSquare150x150.png"
          Wide310x150LogoUri="ms-appx:///Assets/MicrosoftEdgeWide310x150.png"
          ShowNameOnSquare150x150Logo="true"
          ShowNameOnWide310x150Logo="false"
          BackgroundColor="#FF112233"
          Size="2x2"
          Row="0"
          Column="2"/>
        <!-- <start:Tile AppUserModelID="App2!App" Size="2x2" Row="2" Column="0"/>  Update the APUMID to reflect the app you installed with no specific region -->
      </AppendGroup>    
    </RequiredStartGroups>
  </RequiredStartGroupsCollection> 
  <AppendOfficeSuite/>
  <AppendOfficeSuiteChoice Choice="DesktopBridgeSubscription"/>      
</LayoutModificationTemplate>